{"stats":{"minecraft:custom":{"minecraft:interact_with_crafting_table":298,"minecraft:open_barrel":121,"minecraft:eat_cake_slice":4,"minecraft:leave_game":42,"minecraft:time_since_death":92679,"minecraft:damage_blocked_by_shield":290,"minecraft:play_time":4322308,"minecraft:deaths":25,"minecraft:jump":42514,"minecraft:enchant_item":4,"minecraft:interact_with_furnace":132,"minecraft:play_record":1,"minecraft:interact_with_cartography_table":2,"minecraft:sleep_in_bed":166,"minecraft:damage_dealt":169389,"minecraft:interact_with_smoker":34,"minecraft:inspect_dispenser":1,"minecraft:horse_one_cm":94599,"minecraft:interact_with_smithing_table":4,"minecraft:interact_with_anvil":6,"minecraft:inspect_hopper":2,"minecraft:sneak_time":54459,"minecraft:interact_with_lectern":2,"minecraft:interact_with_blast_furnace":7,"minecraft:total_world_time":4322308,"minecraft:tune_noteblock":60,"minecraft:interact_with_stonecutter":9,"minecraft:time_since_rest":66208,"minecraft:swim_one_cm":406554,"minecraft:fly_one_cm":8477967,"minecraft:open_chest":3553,"minecraft:fish_caught":36,"minecraft:fall_one_cm":788270,"minecraft:animals_bred":229,"minecraft:sprint_one_cm":11754137,"minecraft:drop":372,"minecraft:talked_to_villager":15,"minecraft:walk_on_water_one_cm":642621,"minecraft:crouch_one_cm":143961,"minecraft:mob_kills":1433,"minecraft:climb_one_cm":71652,"minecraft:walk_one_cm":13263065,"minecraft:walk_under_water_one_cm":393736,"minecraft:boat_one_cm":7154241,"minecraft:interact_with_grindstone":6,"minecraft:damage_taken":37321,"minecraft:damage_absorbed":40},"minecraft:mined":{"minecraft:dark_oak_planks":8,"minecraft:blue_carpet":10,"minecraft:white_bed":3,"minecraft:granite":317,"luphieclutteredmod:luphie_darkwood_quilted_sofa":4,"minecraft:stone_brick_wall":4,"minecraft:light_gray_bed":6,"chipped:glassblower":4,"minecraft:oak_pressure_plate":1,"minecraft:coal_block":89,"minecraft:deepslate_bricks":74,"minecraft:deepslate_tile_stairs":1,"tacz:gun_smith_table":2,"minecraft:oxeye_daisy":1,"minecraft:chiseled_stone_bricks":7,"minecraft:spawner":41,"minecraft:tall_seagrass":3,"chipped:cobbled_cobblestone":1,"minecraft:magma_block":1,"minecraft:mossy_cobblestone_stairs":5,"minecraft:fire":6,"minecraft:barrel":4,"minecraft:cobbled_deepslate":21,"minecraft:pumpkin":5,"chipped:cut_cobblestone_column":217,"minecraft:deepslate_lapis_ore":12,"minecraft:enchanting_table":1,"minecraft:water_cauldron":1,"minecraft:cave_vines":1,"minecraft:oak_sign":1,"minecraft:dirt_path":15,"minecraft:oak_stairs":69,"minecraft:deepslate_brick_stairs":7,"wardrobe:large_backpack_block":7,"minecraft:iron_block":49,"minecraft:orange_bed":3,"minecraft:kelp_plant":3,"minecraft:deepslate_brick_wall":1,"minecraft:smoker":3,"minecraft:deepslate_tile_slab":35,"minecraft:blue_stained_glass":14,"minecraft:cyan_glazed_terracotta":4,"minecraft:powder_snow":47,"handcrafted:spruce_corner_trim":41,"minecraft:torch":63,"the_pillager_legion_:legion_deep":23,"minecraft:blast_furnace":2,"chipped:cracked_cobblestone_bricks":47,"minecraft:polished_andesite_stairs":3,"chipped:fancy_blue_stained_glass":14,"chipped:circle_oak_glass":5,"minecraft:spruce_wall_sign":2,"chipped:tiny_cobblestone_bricks":233,"minecraft:glass":60,"friendsandfoes:buttercup":19,"chipped:bundled_oak_log":1,"minecraft:sugar_cane":636,"minecraft:amethyst_block":29,"minecraft:chain":22,"chipped:smooth_inlayed_cobblestone":18,"realmrpg_skeletons:webbed_skeleton":1,"resource_ghouls:deepslate_quartz_ore":1,"minecraft:wheat":20,"minecraft:lilac":18,"minecraft:jukebox":6,"chipped:smoothed_double_inlayed_cobblestone":42,"minecraft:black_bed":3,"minecraft:stone_brick_stairs":9,"the_pillager_legion_:legion_cut_deep_2":4,"minecraft:grass":315,"handcrafted:spruce_fancy_bed":1,"chipped:cherry_oak_leaves":5,"minecraft:stonecutter":3,"chipped:golden_cherry_oak_leaves":37,"minecraft:deepslate":148,"minecraft:infested_deepslate":1,"minecraft:deepslate_tiles":2,"friendsandfoes:waxed_oxidized_copper_button":1,"minecraft:mossy_cobblestone":65,"chipped:crated_oak_planks":40,"minecraft:purple_candle":1,"chipped:polished_cobblestone":20,"minecraft:nether_bricks":15,"minecraft:spruce_fence":1,"the_pillager_legion_:legion_cut_deep_3":5,"chipped:stacked_cobblestone_bricks":8,"minecraft:kelp":2,"chipped:offset_cobblestone_bricks":153,"minecraft:andesite":103,"luphieclutteredmod:luphie_row_of_small_books":2,"handcrafted:spruce_chair":3,"minecraft:mossy_stone_brick_stairs":12,"minecraft:potatoes":1,"minecraft:cobblestone_slab":15,"minecraft:vine":62,"minecraft:smithing_table":2,"chipped:cobblestone_bricks":32,"minecraft:oak_slab":79,"mcwdoors:wooden_portcullis":14,"minecraft:soul_sand":79,"luphieclutteredmod:small_shelf":7,"minecraft:potted_lily_of_the_valley":1,"minecraft:dandelion":35,"minecraft:cornflower":13,"minecraft:emerald_ore":19,"minecraft:campfire":3,"chipped:carpenters_table":4,"minecraft:copper_ore":170,"minecraft:tall_grass":31,"minecraft:dried_kelp_block":11,"chipped:tiny_layered_cobblestone_slabs":8,"minecraft:deepslate_gold_ore":30,"mcwbridges:oak_log_bridge_middle":55,"minecraft:cracked_deepslate_bricks":2,"minecraft:diorite":202,"minecraft:orange_carpet":10,"chipped:herringbone_oak_planks":1,"minecraft:coarse_dirt":10,"minecraft:stripped_spruce_wood":1,"minecraft:cobblestone_wall":10,"chipped:planked_oak_log":73,"minecraft:spruce_log":234,"minecraft:birch_leaves":2,"refurbished_furniture:white_sofa":13,"chipped:historical_oak_large_bookshelf":3,"minecraft:sunflower":29,"mcwfurnitures:oak_chair":5,"minecraft:gravel":615,"minecraft:dripstone_block":23,"minecraft:cobweb":32,"minecraft:brown_terracotta":1,"minecraft:stone_bricks":71,"minecraft:orange_wall_banner":1,"minecraft:chipped_anvil":2,"minecraft:gold_ore":4,"minecraft:spruce_planks":306,"minecraft:stone_pressure_plate":1,"minecraft:oak_sapling":5,"minecraft:farmland":11,"perrys_decorations:smal_map":2,"minecraft:cobblestone_stairs":8,"minecraft:orange_wool":1,"mcwbridges:oak_log_bridge_stair":3,"minecraft:brewing_stand":1,"minecraft:spruce_trapdoor":4,"minecraft:cave_vines_plant":1,"minecraft:grass_block":2200,"minecraft:dead_tube_coral_block":1,"chipped:clear_leaded_glass":111,"chipped:shifted_oak_planks":2,"realmrpg_skeletons:dungeon_crawler_skeleton":1,"minecraft:smooth_stone":13,"minecraft:raw_iron_block":92,"minecraft:glowstone":27,"minecraft:iron_ore":99,"minecraft:target":1,"minecraft:anvil":1,"minecraft:azure_bluet":2,"minecraft:dark_oak_stairs":6,"chococraft:gysahl_green":38,"minecraft:pointed_dripstone":35,"minecraft:iron_bars":39,"minecraft:black_candle":6,"minecraft:spruce_slab":14,"minecraft:deepslate_redstone_ore":18,"chipped:botanist_workbench":3,"minecraft:quartz_block":4,"minecraft:cyan_terracotta":13,"minecraft:soul_lantern":1,"minecraft:clay":38,"diagonalfences:minecraft/oak_fence":94,"minecraft:poppy":7,"minecraft:chest":30,"resource_ghouls:quartz_ore":3,"minecraft:nether_quartz_ore":4,"minecraft:cobblestone":779,"minecraft:oak_planks":480,"minecraft:iron_door":25,"minecraft:wall_torch":157,"minecraft:deepslate_copper_ore":3,"minecraft:pink_petals":1,"minecraft:seagrass":3,"realmrpg_skeletons:bow_skeleton":1,"minecraft:dark_oak_slab":1,"minecraft:birch_log":6,"realmrpg_skeletons:acrobat_skeleton":2,"refurbished_furniture:light_electricity_generator":1,"minecraft:smooth_stone_slab":9,"minecraft:oak_log":1618,"minecraft:sand":313,"minecraft:dirt":3328,"minecraft:tripwire_hook":2,"minecraft:netherrack":271,"minecraft:oak_leaves":171,"minecraft:emerald_block":4,"realmrpg_skeletons:waterdrop_skeleton":2,"minecraft:tuff":48,"refurbished_furniture:oak_crate":7,"minecraft:dark_oak_leaves":4,"minecraft:deepslate_diamond_ore":8,"chipped:mason_table":6,"gravestone:gravestone":24,"minecraft:stone_button":1,"minecraft:decorated_pot":1,"minecraft:white_stained_glass":2,"valarian_conquest:spikes":3,"minecraft:spruce_leaves":7,"minecraft:cracked_nether_bricks":1,"minecraft:rooted_dirt":1,"minecraft:hay_block":36,"minecraft:oak_trapdoor":3,"minecraft:furnace":7,"minecraft:polished_basalt":5,"chipped:edged_cobblestone_bricks":44,"minecraft:stripped_spruce_log":8,"minecraft:polished_deepslate":1,"minecraft:bookshelf":100,"minecraft:deepslate_iron_ore":156,"minecraft:lantern":52,"minecraft:stripped_oak_log":1,"realmrpg_skeletons:trident_skeleton":2,"minecraft:stone":23319,"chipped:small_blue_stained_glass":2,"minecraft:scaffolding":1,"chipped:double_herringbone_oak_planks":21,"the_pillager_legion_:legion_stone":5,"minecraft:infested_stone_bricks":1,"minecraft:spruce_door":1,"minecraft:crafting_table":12,"minecraft:oak_wood":4,"minecraft:rose_bush":1,"minecraft:lectern":5,"refurbished_furniture:workbench":3,"minecraft:spruce_stairs":17,"minecraft:birch_planks":2,"minecraft:sea_pickle":1,"minecraft:beehive":1,"minecraft:redstone_torch":1,"minecraft:sweet_berry_bush":1,"minecraft:yellow_bed":2,"minecraft:black_wool":1,"realmrpg_skeletons:melted_skeleton":1,"minecraft:coal_ore":440,"chipped:oak_bordered_glass":12,"minecraft:flower_pot":1,"chipped:pillar_cobblestone_bricks":8,"minecraft:cracked_stone_bricks":27,"minecraft:polished_andesite":8,"minecraft:mossy_stone_bricks":49,"mcwdoors:iron_portcullis":38},"minecraft:used":{"chipped:golden_cherry_oak_leaves":43,"minecraft:spruce_slab":13,"minecraft:ladder":2,"minecraft:poppy":4,"minecraft:chest":419,"minecraft:stone":5,"chipped:pillar_cobblestone_bricks":380,"valarian_conquest:valarian_sword":235,"minecraft:soul_sand":3,"minecraft:blue_stained_glass":127,"mcwdoors:iron_portcullis":47,"chipped:crated_oak_planks":128,"mcwdoors:wooden_portcullis":14,"the_pillager_legion_:legion_showel_tpl":641,"handcrafted:spruce_fancy_bed":3,"minecraft:lava_bucket":17,"chipped:oak_bordered_glass":15,"luphieclutteredmod:small_shelf":10,"chipped:cobbled_cobblestone":1,"minecraft:bow":25,"minecraft:furnace":11,"minecraft:oak_sapling":216,"minecraft:sweet_berries":6,"minecraft:egg":26,"minecraft:potato":56,"minecraft:deepslate_brick_wall":4,"minecraft:mossy_stone_bricks":42,"minecraft:diorite":3,"minecraft:spruce_door":4,"chipped:shifted_oak_planks":2,"minecraft:oak_leaves":43,"minecraft:cookie":7,"chipped:bundled_oak_log":1,"minecraft:golden_apple":1,"minecraft:glow_berries":1,"minecraft:sand":38,"minecraft:blast_furnace":1,"chipped:smoothed_double_inlayed_cobblestone":60,"minecraft:deepslate_brick_stairs":8,"chipped:cut_cobblestone_column":596,"chipped:cracked_cobblestone_bricks":146,"minecraft:oak_pressure_plate":2,"the_pillager_legion_:legion_cut_deep_3":4,"minecraft:soul_lantern":1,"minecraft:diamond_sword":1062,"friendsandfoes:waxed_oxidized_copper_button":1,"chipped:offset_cobblestone_bricks":337,"minecraft:smithing_table":1,"luphieclutteredmod:luphie_row_of_small_books":3,"minecraft:oak_boat":1,"chipped:carpenters_table":5,"chipped:double_herringbone_oak_planks":32,"minecraft:oak_trapdoor":9,"minecraft:enchanting_table":1,"minecraft:armor_stand":7,"minecraft:netherrack":28,"minecraft:orange_bed":4,"minecraft:torch":558,"minecraft:anvil":1,"minecraft:target":1,"elevatorid:elevator_black":2,"minecraft:oak_fence_gate":6,"chipped:cherry_oak_leaves":9,"chococraft:chocobo_drumstick_raw":1,"chipped:tiny_cobblestone_bricks":820,"minecraft:chipped_anvil":2,"smallships:oak_drakkar":1,"chipped:edged_cobblestone_bricks":305,"minecraft:iron_axe":517,"minecraft:rooted_dirt":1,"chipped:planked_oak_log":236,"minecraft:barrel":4,"chipped:fancy_blue_stained_glass":14,"minecraft:cobbled_deepslate":115,"minecraft:pointed_dripstone":28,"minecraft:wheat_seeds":20,"minecraft:water_bucket":337,"minecraft:birch_planks":2,"minecraft:cartography_table":1,"minecraft:deepslate_bricks":110,"minecraft:crafting_table":24,"minecraft:oak_slab":23,"the_pillager_legion_:legion_sword_tpl":306,"minecraft:white_bed":3,"minecraft:spruce_log":20,"minecraft:oak_log":229,"minecraft:diamond_pickaxe":12023,"minecraft:cornflower":10,"chipped:botanist_workbench":4,"minecraft:diamond_shovel":1131,"chipped:small_blue_stained_glass":2,"chococraft:gysahl_green_seeds":14,"minecraft:iron_pickaxe":986,"chipped:clear_leaded_glass":286,"minecraft:blue_carpet":4,"minecraft:chiseled_stone_bricks":2,"minecraft:cobblestone":1776,"minecraft:cooked_porkchop":34,"minecraft:black_candle":12,"minecraft:kelp":27,"minecraft:dandelion":3,"minecraft:jukebox":6,"mcwfurnitures:oak_chair":7,"minecraft:iron_shovel":34,"minecraft:oak_sign":7,"minecraft:shield":22,"minecraft:iron_sword":927,"refurbished_furniture:white_sofa":13,"handcrafted:spruce_chair":5,"minecraft:carrot":95,"minecraft:deepslate_tile_slab":42,"minecraft:tuff":20,"minecraft:beehive":1,"minecraft:obsidian":14,"chipped:historical_oak_large_bookshelf":14,"minecraft:glass":93,"minecraft:coal_ore":3,"minecraft:lantern":86,"chipped:cobblestone_bricks":276,"valarian_conquest:bandit_sword":33,"minecraft:stone_bricks":109,"minecraft:item_frame":82,"refurbished_furniture:oak_crate":10,"perrys_decorations:smal_map":2,"chipped:stacked_cobblestone_bricks":55,"the_pillager_legion_:legion_armor_boots":2,"minecraft:golden_boots":1,"minecraft:dark_oak_stairs":4,"minecraft:stone_pickaxe":15341,"minecraft:oak_planks":2391,"handcrafted:spruce_corner_trim":77,"valarian_conquest:bandit_axe":4,"minecraft:sugar_cane":363,"minecraft:diamond_axe":531,"the_pillager_legion_:legion_axe_tpl":32,"minecraft:brain_coral":1,"minecraft:golden_hoe":33,"minecraft:dripstone_block":5,"minecraft:black_bed":2,"minecraft:shears":78,"minecraft:melon_slice":3,"minecraft:bread":340,"minecraft:gravel":26,"minecraft:golden_helmet":1,"wardrobe:large_backpack":9,"minecraft:grindstone":1,"minecraft:andesite":1,"minecraft:chain":29,"chococraft:gysahl_green":17,"minecraft:cobweb":4,"minecraft:golden_pickaxe":18,"minecraft:experience_bottle":1,"minecraft:oak_fence":160,"minecraft:stone_shovel":4935,"tacz:gun_smith_table":2,"minecraft:spruce_planks":728,"minecraft:stone_hoe":15,"valarian_conquest:valarian_battle_axe":133,"minecraft:oak_door":1,"minecraft:dirt":3310,"minecraft:spyglass":74,"minecraft:spruce_stairs":86,"minecraft:oak_wood":6,"minecraft:salmon_bucket":1,"minecraft:spruce_fence":5,"minecraft:granite":11,"handcrafted:spruce_table":8,"minecraft:bookshelf":74,"chipped:glassblower":5,"mcwbridges:oak_log_bridge_middle":77,"chipped:herringbone_oak_planks":45,"minecraft:oak_stairs":163,"chipped:smooth_inlayed_cobblestone":18,"the_pillager_legion_:legion_armor_helmet":1,"minecraft:golden_carrot":2,"the_pillager_legion_:legion_deep":1,"chipped:edge_cut_oak_log":12,"minecraft:cooked_beef":77,"minecraft:pumpkin":5,"minecraft:light_gray_bed":4,"chipped:circle_oak_glass":5,"minecraft:iron_leggings":1,"minecraft:cooked_mutton":4,"minecraft:cobblestone_stairs":3,"comforts:sleeping_bag_black":19,"minecraft:baked_potato":360,"the_pillager_legion_:legion_disc_blocky_world":1,"minecraft:spruce_sign":6,"minecraft:stonecutter":3,"minecraft:cobblestone_slab":25,"chipped:mason_table":6,"smallships:oak_brigg":1,"minecraft:painting":65,"minecraft:smoker":3,"luphieclutteredmod:luphie_darkwood_quilted_sofa":4,"minecraft:flower_pot":1,"minecraft:black_wool":2,"minecraft:apple":12,"chipped:tiny_layered_cobblestone_slabs":64,"minecraft:map":49,"refurbished_furniture:light_electricity_generator":2,"mcwbridges:oak_log_bridge_stair":9,"minecraft:golden_leggings":1,"minecraft:stone_axe":402,"minecraft:fishing_rod":53,"refurbished_furniture:workbench":4,"minecraft:white_banner":2,"minecraft:bucket":358,"chipped:polished_cobblestone":100,"minecraft:yellow_bed":2,"minecraft:sea_pickle":1,"minecraft:smooth_stone":4},"minecraft:picked_up":{"minecraft:iron_chestplate":6,"minecraft:chainmail_boots":5,"minecraft:anvil":1,"minecraft:flower_pot":2,"minecraft:smithing_table":2,"minecraft:lead":13,"minecraft:diamond_sword":3,"minecraft:oak_stairs":73,"minecraft:enchanted_book":4,"friendsandfoes:buttercup":18,"minecraft:brewing_stand":1,"minecraft:amethyst_block":29,"minecraft:string":49,"minecraft:pufferfish":3,"comforts:sleeping_bag_black":27,"minecraft:cobbled_deepslate":185,"mcwbridges:oak_log_bridge_middle":56,"minecraft:spruce_planks":287,"minecraft:bubble_coral":3,"minecraft:written_book":1,"minecraft:coal_block":87,"the_pillager_legion_:legion_armor_helmet":3,"minecraft:golden_helmet":5,"minecraft:beehive":1,"minecraft:jukebox":6,"minecraft:deepslate_tile_stairs":1,"chipped:offset_cobblestone_bricks":153,"minecraft:golden_chestplate":4,"chipped:edged_cobblestone_bricks":41,"minecraft:orange_bed":4,"valarian_conquest:bandit_sword":1,"minecraft:light_gray_bed":7,"minecraft:tropical_fish":1,"the_pillager_legion_:legion_stone":7,"minecraft:polished_basalt":2,"chipped:circle_oak_glass":5,"minecraft:iron_block":57,"minecraft:cyan_terracotta":1,"minecraft:bookshelf":1,"chipped:tiny_cobblestone_bricks":222,"friendsandfoes:waxed_oxidized_copper_button":1,"minecraft:iron_bars":14,"chipped:historical_oak_large_bookshelf":3,"minecraft:birch_log":65,"minecraft:feather":92,"minecraft:cooked_beef":263,"the_pillager_legion_:legion_sword_tpl":3,"minecraft:iron_door":14,"minecraft:water_bucket":5,"minecraft:smoker":3,"chipped:small_blue_stained_glass":2,"chipped:cobbled_cobblestone":1,"minecraft:flint":50,"minecraft:stripped_spruce_wood":1,"chipped:pillar_cobblestone_bricks":8,"mcwdoors:iron_portcullis":38,"minecraft:map":2,"minecraft:lantern":100,"minecraft:chipped_anvil":2,"minecraft:stonecutter":3,"minecraft:diamond_helmet":1,"tacz:gun_smith_table":2,"minecraft:glowstone_dust":89,"chipped:herringbone_oak_planks":1,"chipped:stacked_cobblestone_bricks":6,"minecraft:stripped_spruce_log":7,"minecraft:ink_sac":27,"minecraft:barrel":4,"minecraft:bundle":1,"minecraft:polished_andesite":4,"minecraft:granite":189,"minecraft:bread":51,"minecraft:rooted_dirt":1,"minecraft:diamond_pickaxe":3,"minecraft:crafting_table":11,"minecraft:coarse_dirt":5,"minecraft:clay_ball":148,"minecraft:golden_pickaxe":2,"minecraft:leather_leggings":2,"refurbished_furniture:oak_crate":7,"minecraft:orange_banner":1,"resource_ghouls:broken_miners_helmet_4_helmet":2,"gravestone:obituary":6,"chipped:cherry_oak_leaves":5,"minecraft:cornflower":15,"minecraft:iron_shovel":1,"minecraft:cracked_stone_bricks":1,"minecraft:beef":14,"minecraft:poppy":10,"minecraft:spruce_slab":14,"minecraft:chest":30,"minecraft:birch_sapling":5,"luphieclutteredmod:luphie_darkwood_quilted_sofa":3,"the_pillager_legion_:legion_showel_tpl":2,"minecraft:egg":194,"chipped:mason_table":5,"wardrobe:large_backpack":10,"valarian_conquest:valarian_sword":1,"minecraft:stone":7,"minecraft:oak_door":2,"minecraft:cyan_glazed_terracotta":4,"chipped:botanist_workbench":3,"minecraft:white_dye":2,"handcrafted:spruce_corner_trim":41,"minecraft:carrot":2211,"minecraft:redstone":138,"minecraft:blue_carpet":12,"minecraft:tnt":21,"valarian_conquest:bandit_axe":1,"minecraft:stone_shovel":9,"minecraft:diamond_chestplate":3,"minecraft:decorated_pot":1,"minecraft:deepslate_bricks":61,"minecraft:diamond_boots":6,"minecraft:hay_block":35,"the_pillager_legion_:legion_disc_blocky_world":1,"minecraft:gold_ingot":3,"minecraft:glow_berries":1,"minecraft:mutton":1,"minecraft:white_wool":92,"minecraft:oxeye_daisy":3,"minecraft:stripped_oak_log":1,"minecraft:tripwire_hook":3,"minecraft:filled_map":22,"immersive_melodies:bagpipe":2,"minecraft:oak_log":1783,"minecraft:golden_boots":6,"chipped:oak_bordered_glass":12,"minecraft:paper":2,"minecraft:white_banner":4,"chipped:smooth_inlayed_cobblestone":16,"chococraft:chocobo_feather":5,"chococraft:gysahl_green":94,"minecraft:apple":121,"minecraft:stone_bricks":78,"minecraft:kelp":70,"minecraft:stone_pickaxe":14,"minecraft:cobweb":5,"the_pillager_legion_:legion_cut_deep_3":4,"chipped:fancy_blue_stained_glass":14,"minecraft:dark_oak_stairs":6,"minecraft:iron_sword":3,"handcrafted:spruce_fancy_bed":1,"minecraft:sweet_berries":5,"chipped:clear_leaded_glass":111,"minecraft:cracked_nether_bricks":1,"minecraft:gravel":392,"refurbished_furniture:workbench":3,"minecraft:spruce_sapling":85,"luphieclutteredmod:luphie_row_of_small_books":2,"minecraft:spruce_log":232,"minecraft:leather_helmet":5,"minecraft:oak_wood":4,"minecraft:diamond_shovel":3,"minecraft:coal_ore":6,"minecraft:stone_axe":1,"tacz:modern_kinetic_gun":1,"minecraft:diamond_axe":1,"minecraft:painting":59,"minecraft:baked_potato":7,"minecraft:stripped_dark_oak_log":1,"minecraft:ender_pearl":4,"chococraft:loverly_gysahl_green":3,"minecraft:wheat":1818,"minecraft:potion":1,"minecraft:raw_copper":507,"perrys_decorations:smal_map":1,"minecraft:smooth_stone_slab":1,"minecraft:iron_leggings":11,"minecraft:armor_stand":9,"valarian_conquest:valarian_scepter":1,"minecraft:experience_bottle":2,"minecraft:oak_sign":1,"minecraft:sea_pickle":5,"minecraft:deepslate_tiles":1,"minecraft:smooth_stone":1,"minecraft:eye_armor_trim_smithing_template":1,"chipped:planked_oak_log":76,"minecraft:rose_bush":1,"minecraft:cobblestone_slab":13,"mcwbridges:oak_log_bridge_stair":3,"minecraft:iron_pickaxe":10,"chipped:glassblower":4,"minecraft:iron_boots":3,"minecraft:furnace":8,"minecraft:tipped_arrow":1,"minecraft:stick":512,"minecraft:deepslate_brick_wall":1,"minecraft:brown_terracotta":1,"minecraft:oak_fence":98,"minecraft:torch":289,"minecraft:spruce_stairs":16,"minecraft:target":1,"minecraft:diorite":54,"minecraft:pointed_dripstone":63,"minecraft:rotten_flesh":442,"chipped:crated_oak_planks":40,"chococraft:chocobo_drumstick_raw":1,"minecraft:deepslate_brick_stairs":7,"chipped:cracked_cobblestone_bricks":46,"minecraft:cod":25,"minecraft:cobblestone":16254,"minecraft:enchanting_table":1,"minecraft:nautilus_shell":1,"chipped:smoothed_double_inlayed_cobblestone":40,"minecraft:pink_petals":3,"minecraft:leather_chestplate":5,"minecraft:lilac":17,"minecraft:andesite":55,"minecraft:black_bed":3,"minecraft:golden_leggings":5,"minecraft:potato":7058,"minecraft:tuff":53,"skilltree:gem":117,"minecraft:lapis_lazuli":127,"minecraft:dirt":4995,"minecraft:acacia_planks":1,"minecraft:name_tag":3,"handcrafted:spruce_chair":3,"minecraft:leather_boots":4,"minecraft:glass":45,"minecraft:bone":553,"minecraft:bow":21,"minecraft:wheat_seeds":3286,"minecraft:raw_gold":44,"minecraft:mossy_stone_bricks":18,"minecraft:oak_planks":871,"minecraft:stone_hoe":1,"minecraft:brain_coral":1,"minecraft:cooked_porkchop":3,"minecraft:oak_pressure_plate":3,"minecraft:poisonous_potato":56,"minecraft:sand":307,"minecraft:lily_of_the_valley":1,"minecraft:mossy_cobblestone":20,"chipped:carpenters_table":4,"minecraft:diamond":14,"minecraft:soul_lantern":2,"minecraft:crossbow":5,"minecraft:golden_apple":1,"minecraft:bone_meal":2,"minecraft:spruce_sign":10,"minecraft:emerald":114,"minecraft:oak_sapling":768,"minecraft:netherrack":175,"minecraft:oak_leaves":66,"chipped:shifted_oak_planks":2,"minecraft:charcoal":6,"minecraft:azure_bluet":12,"minecraft:chicken":11,"minecraft:ladder":11,"valarian_conquest:valarian_battle_axe":6,"minecraft:brown_mushroom":6,"refurbished_furniture:white_sofa":11,"minecraft:chain":19,"minecraft:brick":6,"minecraft:shield":8,"minecraft:oak_trapdoor":3,"minecraft:iron_axe":4,"mcwfurnitures:oak_chair":5,"minecraft:item_frame":50,"chipped:double_herringbone_oak_planks":21,"skilltree:golden_ring":1,"chipped:tiny_layered_cobblestone_slabs":8,"minecraft:oak_boat":1,"refurbished_furniture:light_electricity_generator":1,"minecraft:lectern":5,"minecraft:sugar_cane":947,"minecraft:spruce_trapdoor":3,"minecraft:phantom_membrane":1,"minecraft:raw_iron":302,"minecraft:copper_ingot":1,"minecraft:bowl":1,"luphieclutteredmod:small_shelf":7,"minecraft:stone_button":2,"minecraft:cookie":7,"minecraft:trident":1,"valarian_conquest:spikes":3,"minecraft:stone_pressure_plate":1,"minecraft:dark_oak_planks":1,"mcwdoors:wooden_portcullis":14,"minecraft:arrow":545,"minecraft:golden_hoe":1,"minecraft:nether_bricks":11,"the_pillager_legion_:legion_armor_boots":2,"chipped:cobblestone_bricks":32,"chipped:bundled_oak_log":1,"chipped:cut_cobblestone_column":222,"skilltree:simple_necklace":2,"minecraft:salmon":27,"minecraft:leather":214,"minecraft:music_disc_stal":1,"minecraft:birch_planks":2,"minecraft:chainmail_chestplate":4,"minecraft:cobblestone_wall":10,"minecraft:yellow_bed":2,"minecraft:gunpowder":26,"minecraft:cobblestone_stairs":7,"minecraft:deepslate_tile_slab":36,"minecraft:cooked_mutton":110,"chococraft:gold_gysahl":5,"minecraft:iron_ingot":9,"minecraft:cooked_chicken":82,"the_pillager_legion_:legion_deep":20,"minecraft:soul_sand":82,"minecraft:oak_slab":81,"minecraft:book":278,"chipped:polished_cobblestone":20,"minecraft:scaffolding":1,"minecraft:black_candle":12,"minecraft:emerald_block":4,"minecraft:pumpkin":5,"minecraft:chiseled_stone_bricks":2,"minecraft:quartz":29,"minecraft:dandelion":54,"minecraft:dripstone_block":27,"minecraft:raw_iron_block":90,"the_pillager_legion_:legion_armor_chestplate":1,"chococraft:gysahl_green_seeds":30,"minecraft:blast_furnace":1,"minecraft:white_bed":3,"minecraft:spruce_door":3,"minecraft:spider_eye":16,"minecraft:dried_kelp_block":11,"chipped:golden_cherry_oak_leaves":37,"minecraft:chainmail_leggings":5,"minecraft:iron_helmet":7,"wardrobe:silk":59,"minecraft:black_wool":1,"minecraft:coal":754,"minecraft:sunflower":26},"minecraft:broken":{"minecraft:golden_boots":1,"minecraft:diamond_helmet":2,"minecraft:iron_leggings":2,"minecraft:diamond_pickaxe":1,"minecraft:iron_sword":2,"valarian_conquest:valarian_battle_axe":2,"minecraft:fishing_rod":1,"the_pillager_legion_:legion_sword_tpl":1,"minecraft:iron_axe":3,"minecraft:iron_pickaxe":7,"minecraft:iron_helmet":1,"the_pillager_legion_:legion_armor_chestplate":1,"minecraft:golden_helmet":1,"minecraft:iron_shovel":1,"the_pillager_legion_:legion_armor_helmet":1,"minecraft:golden_leggings":2,"minecraft:stone_pickaxe":114,"minecraft:diamond_boots":1,"minecraft:stone_axe":3,"valarian_conquest:valarian_sword":1,"minecraft:stone_shovel":35,"minecraft:golden_chestplate":1,"minecraft:golden_hoe":1},"minecraft:crafted":{"minecraft:smooth_stone":6,"minecraft:oak_sign":9,"minecraft:chain":25,"mcwbridges:oak_log_bridge_stair":6,"minecraft:bookshelf":84,"minecraft:iron_bars":16,"mcwbridges:pliers":1,"minecraft:deepslate_brick_stairs":8,"minecraft:glass":393,"luphieclutteredmod:small_shelf":3,"minecraft:flower_pot":3,"minecraft:blue_stained_glass":200,"minecraft:diamond_axe":1,"minecraft:spruce_door":3,"minecraft:oak_wood":3,"handcrafted:spruce_fancy_bed":2,"minecraft:painting":3,"minecraft:cartography_table":1,"minecraft:stone_slab":6,"minecraft:compass":42,"minecraft:iron_pickaxe":3,"minecraft:iron_block":3,"minecraft:stone_shovel":36,"minecraft:smooth_stone_slab":6,"minecraft:iron_nugget":144,"refurbished_furniture:oak_crate":3,"minecraft:bone_meal":48,"minecraft:spruce_fence":9,"elevatorid:elevator_black":2,"handcrafted:spruce_chair":4,"minecraft:lantern":10,"minecraft:spruce_stairs":76,"minecraft:deepslate_brick_wall":3,"perrys_decorations:smal_map":2,"refurbished_furniture:workbench":1,"minecraft:spruce_slab":12,"minecraft:stone_pickaxe":123,"minecraft:redstone_block":2,"minecraft:wheat":303,"minecraft:coal_block":7,"minecraft:oak_fence_gate":6,"minecraft:oak_chest_boat":3,"minecraft:wooden_axe":1,"minecraft:oak_stairs":136,"chococraft:chocobo_saddle":1,"minecraft:white_bed":2,"minecraft:brick":20,"minecraft:grindstone":1,"minecraft:oak_planks":5320,"minecraft:cobblestone_slab":84,"minecraft:stone":9,"smallships:sail":3,"luphieclutteredmod:luphie_row_of_small_books":1,"minecraft:chest":387,"minecraft:bricks":1,"minecraft:oak_fence":126,"chipped:mason_table":1,"refurbished_furniture:light_electricity_generator":1,"minecraft:item_frame":30,"minecraft:map":42,"minecraft:crafting_table":18,"minecraft:spruce_planks":748,"minecraft:baked_potato":453,"handcrafted:spruce_corner_trim":40,"minecraft:red_wool":1,"chococraft:chocopedia":1,"minecraft:birch_planks":28,"chipped:carpenters_table":1,"smallships:oak_drakkar":1,"mcwbridges:oak_log_bridge_middle":40,"refurbished_furniture:white_sofa":2,"minecraft:paper":580,"minecraft:diamond_pickaxe":2,"minecraft:stick":252,"chipped:botanist_workbench":1,"minecraft:iron_ingot":87,"smallships:oak_brigg":1,"luphieclutteredmod:luphie_darkwood_quilted_sofa":1,"mcwdoors:iron_portcullis":15,"minecraft:shears":1,"minecraft:deepslate_tile_slab":14,"minecraft:oak_door":3,"minecraft:raw_iron":63,"minecraft:coal":63,"minecraft:fishing_rod":2,"minecraft:furnace":6,"minecraft:blast_furnace":3,"minecraft:oak_trapdoor":6,"minecraft:iron_axe":2,"handcrafted:white_sheet":8,"minecraft:red_dye":4,"elevatorid:elevator_white":2,"minecraft:spruce_sign":6,"handcrafted:white_cushion":16,"minecraft:iron_sword":2,"minecraft:bucket":11,"minecraft:stone_axe":11,"minecraft:bread":300,"minecraft:air":0,"minecraft:blue_dye":27,"handcrafted:spruce_table":8,"refurbished_furniture:wrench":1,"minecraft:oak_boat":6,"minecraft:white_dye":2,"minecraft:blue_wool":2,"minecraft:stonecutter":1,"minecraft:anvil":1,"mcwdoors:wooden_portcullis":9,"minecraft:torch":256,"chipped:glassblower":1,"mcwfurnitures:oak_chair":2},"minecraft:killed":{"minecraft:cave_spider":22,"minecraft:cod":11,"creeperoverhaul:dripstone_creeper":2,"minecraft:skeleton":290,"resource_ghouls:prospector_2":2,"minecraft:chicken":36,"valarian_conquest:valarian_archer":5,"aquatic_frontiers:soul_sandy":1,"valarian_conquest:valarian_nobleman":2,"valarian_conquest:valarian_scout":3,"minecraft:parrot":5,"valarian_conquest:valarian_cannon":4,"minecraft:salmon":41,"valarian_conquest:valarian_raider":3,"minecraft:pillager":26,"minecraft:zombie":251,"resource_ghouls:prospector_4":64,"resource_ghouls:redstone_stonebore":3,"resource_ghouls:quartz_stonebore":2,"resource_ghouls:prospector":3,"minecraft:cow":38,"minecraft:vindicator":8,"minecraft:endermite":14,"valarian_conquest:kings_guard":1,"resource_ghouls:emerald_stonebore":1,"resource_ghouls:copper_stonebore":2,"aquatic_frontiers:spongesquid":4,"valarian_conquest:valarian_king":1,"endermanoverhaul:cave_enderman":1,"valarian_conquest:bandit_1":4,"resource_ghouls:lapis_stonebore":2,"the_pillager_legion_:infantryman_tpl":7,"minecraft:enderman":4,"resource_ghouls:diamond_stonebore":3,"resource_ghouls:iron_stonebore":3,"minecraft:spider":52,"minecraft:silverfish":14,"aquatic_frontiers:sandy_coral":5,"minecraft:pig":1,"minecraft:zombie_villager":18,"minecraft:creeper":22,"minecraft:sheep":37,"minecraft:trader_llama":1,"minecraft:stray":16,"cave_dweller:cave_dweller":4,"resource_ghouls:gold_stonebore":2,"luminous_monsters:glacial_skeleton":3,"valarian_conquest:valarian_knight":2,"valarian_conquest:valarian_ranger":5,"resource_ghouls:coal_stonebore":2,"valarian_conquest:bandit_2":6,"minecraft:drowned":20,"minecraft:squid":12,"the_pillager_legion_:veteran_infantryman_tpl":35,"aquatic_frontiers:sandy_pickle":5,"friendsandfoes:moobloom":41,"minecraft:wither_skeleton":205},"minecraft:dropped":{"minecraft:iron_sword":2,"minecraft:cooked_porkchop":1,"minecraft:crossbow":1,"minecraft:saddle":1,"minecraft:leather_helmet":3,"minecraft:dirt":107,"the_pillager_legion_:legion_showel_tpl":2,"minecraft:iron_pickaxe":3,"minecraft:bone":29,"minecraft:stone_axe":2,"minecraft:sugar_cane":1,"minecraft:golden_chestplate":2,"minecraft:cobbled_deepslate":2,"wardrobe:silk":25,"minecraft:rotten_flesh":90,"minecraft:white_bed":1,"minecraft:salmon":8,"minecraft:tipped_arrow":1,"minecraft:deepslate_tiles":1,"minecraft:coal_ore":3,"minecraft:leather_boots":2,"minecraft:leather_leggings":1,"comforts:sleeping_bag_black":5,"minecraft:enchanted_book":3,"minecraft:golden_boots":4,"minecraft:wheat_seeds":79,"minecraft:tnt":21,"minecraft:iron_helmet":3,"minecraft:feather":1,"minecraft:cobblestone":908,"minecraft:apple":1,"minecraft:granite":3,"minecraft:chainmail_helmet":1,"minecraft:coal":2,"minecraft:polished_andesite":2,"minecraft:ink_sac":4,"skilltree:gem":3,"minecraft:chainmail_leggings":2,"minecraft:string":31,"minecraft:furnace":6,"minecraft:stone_shovel":1,"minecraft:chicken":1,"minecraft:iron_boots":1,"the_pillager_legion_:bow_legion":1,"minecraft:lily_of_the_valley":1,"minecraft:diamond_sword":3,"minecraft:spruce_planks":1,"valarian_conquest:valarian_battle_axe":1,"minecraft:diamond_pickaxe":2,"minecraft:spider_eye":6,"minecraft:stone_bricks":25,"minecraft:bow":4,"resource_ghouls:broken_miners_helmet_4_helmet":1,"minecraft:spruce_sign":2,"wardrobe:large_backpack":2,"minecraft:diamond_axe":1,"minecraft:baked_potato":1,"minecraft:deepslate_tile_stairs":1,"the_pillager_legion_:legion_sword_tpl":1,"gravestone:obituary":13,"minecraft:gravel":36,"minecraft:diamond_shovel":2,"minecraft:leather_chestplate":3,"minecraft:gunpowder":6,"minecraft:chainmail_boots":3,"minecraft:iron_bars":4,"minecraft:arrow":9,"minecraft:quartz":22,"minecraft:bread":92,"minecraft:water_bucket":1,"the_pillager_legion_:legion_armor_boots":1,"minecraft:golden_helmet":1,"minecraft:mossy_cobblestone":1,"minecraft:stick":3,"minecraft:diorite":4,"minecraft:torch":1,"minecraft:iron_leggings":7,"tacz:modern_kinetic_gun":1,"minecraft:iron_axe":1,"minecraft:redstone":66,"minecraft:kelp":18,"minecraft:coarse_dirt":4,"immersive_melodies:bagpipe":1,"valarian_conquest:valarian_spear":1,"minecraft:raw_iron":11,"minecraft:filled_map":1,"minecraft:shield":4,"minecraft:diamond_chestplate":2,"minecraft:iron_chestplate":1,"minecraft:light_gray_bed":1,"minecraft:golden_leggings":2,"minecraft:diamond_boots":3,"minecraft:stone_pickaxe":16},"minecraft:killed_by":{"minecraft:zombie":2,"cave_dweller:cave_dweller":1,"minecraft:player":1,"valarian_conquest:valarian_archer":2}},"DataVersion":3465}