{"stats":{"minecraft:custom":{"minecraft:interact_with_crafting_table":141,"minecraft:open_barrel":149,"minecraft:eat_cake_slice":6,"minecraft:leave_game":18,"minecraft:time_since_death":463185,"minecraft:damage_blocked_by_shield":1453,"minecraft:play_time":2456211,"minecraft:deaths":11,"minecraft:jump":24462,"minecraft:enchant_item":10,"minecraft:interact_with_furnace":103,"minecraft:interact_with_cartography_table":1,"minecraft:sleep_in_bed":63,"minecraft:damage_dealt":135708,"minecraft:interact_with_smoker":1,"minecraft:horse_one_cm":130194,"minecraft:interact_with_smithing_table":4,"minecraft:interact_with_anvil":15,"minecraft:inspect_hopper":7,"minecraft:sneak_time":62396,"minecraft:interact_with_lectern":7,"minecraft:interact_with_blast_furnace":58,"minecraft:total_world_time":2456211,"minecraft:tune_noteblock":5,"minecraft:interact_with_stonecutter":3,"minecraft:time_since_rest":66208,"minecraft:swim_one_cm":339416,"minecraft:fly_one_cm":5410057,"minecraft:open_chest":928,"minecraft:fish_caught":113,"minecraft:fall_one_cm":538329,"minecraft:animals_bred":41,"minecraft:sprint_one_cm":4336756,"minecraft:drop":447,"minecraft:talked_to_villager":16,"minecraft:walk_on_water_one_cm":351617,"minecraft:player_kills":1,"minecraft:crouch_one_cm":180067,"minecraft:mob_kills":1441,"minecraft:interact_with_campfire":21,"minecraft:climb_one_cm":57207,"minecraft:walk_one_cm":7343723,"minecraft:walk_under_water_one_cm":362619,"minecraft:boat_one_cm":3773941,"minecraft:damage_taken":21578},"minecraft:mined":{"minecraft:dark_oak_planks":4,"minecraft:blue_carpet":2,"minecraft:white_bed":1,"minecraft:red_nether_bricks":1,"minecraft:obsidian":4,"minecraft:granite":393,"luphieclutteredmod:luphie_darkwood_quilted_sofa":1,"minecraft:light_gray_bed":9,"minecraft:deepslate_bricks":17,"minecraft:coal_block":12,"minecraft:deepslate_tile_stairs":1,"tacz:gun_smith_table":4,"minecraft:chiseled_stone_bricks":3,"minecraft:spawner":27,"minecraft:tall_seagrass":34,"minecraft:magma_block":10,"minecraft:mossy_cobblestone_stairs":6,"minecraft:cobbled_deepslate":4,"minecraft:fire":20,"minecraft:pumpkin":1,"minecraft:oak_stairs":39,"minecraft:small_amethyst_bud":1,"minecraft:spruce_pressure_plate":3,"wardrobe:large_backpack_block":5,"minecraft:iron_block":8,"minecraft:orange_bed":3,"minecraft:kelp_plant":276,"minecraft:smoker":1,"minecraft:amethyst_cluster":3,"minecraft:powder_snow":45,"minecraft:torch":57,"the_pillager_legion_:legion_deep":13,"minecraft:blast_furnace":7,"minecraft:polished_andesite_stairs":7,"minecraft:white_stained_glass_pane":1,"minecraft:glass":5,"minecraft:amethyst_block":1,"minecraft:chain":2,"minecraft:wheat":48,"minecraft:lilac":1,"minecraft:stone_brick_stairs":7,"the_pillager_legion_:legion_cut_deep_2":6,"minecraft:grass":101,"minecraft:smooth_basalt":3,"minecraft:piston":1,"minecraft:deepslate":119,"minecraft:infested_deepslate":2,"minecraft:deepslate_tiles":5,"minecraft:mossy_cobblestone":19,"minecraft:nether_bricks":11,"minecraft:dark_oak_fence":2,"minecraft:spruce_fence":3,"minecraft:kelp":16,"minecraft:redstone_ore":4,"minecraft:andesite":43,"minecraft:mossy_stone_brick_stairs":1,"minecraft:vine":10,"minecraft:cobblestone_slab":3,"minecraft:white_wool":5,"minecraft:cake":1,"chipped:cobblestone_bricks":1,"minecraft:birch_stairs":1,"minecraft:oak_slab":5,"luphieclutteredmod:small_shelf":1,"minecraft:stone_brick_slab":1,"minecraft:dandelion":3,"minecraft:emerald_ore":1,"minecraft:campfire":1,"minecraft:tall_grass":5,"minecraft:copper_ore":31,"minecraft:dried_kelp_block":22,"minecraft:deepslate_gold_ore":28,"mcwbridges:oak_log_bridge_middle":1,"minecraft:diorite":66,"minecraft:orange_carpet":4,"minecraft:coarse_dirt":4,"minecraft:spruce_log":347,"refurbished_furniture:white_sofa":2,"minecraft:gravel":167,"minecraft:dripstone_block":1,"minecraft:cobweb":46,"minecraft:acacia_planks":1,"minecraft:stone_bricks":18,"minecraft:fern":1,"minecraft:large_amethyst_bud":2,"minecraft:spruce_planks":37,"minecraft:oak_sapling":5,"minecraft:farmland":1,"minecraft:cobblestone_stairs":1,"minecraft:budding_amethyst":3,"minecraft:grass_block":2208,"minecraft:smooth_stone":1,"minecraft:raw_iron_block":1,"minecraft:iron_ore":44,"minecraft:dark_oak_stairs":1,"chococraft:gysahl_green":33,"minecraft:iron_bars":24,"minecraft:quartz_block":1,"minecraft:medium_amethyst_bud":1,"minecraft:jungle_stairs":1,"diagonalfences:minecraft/oak_fence":2,"minecraft:calcite":3,"minecraft:chest":20,"minecraft:cobblestone":121,"minecraft:oak_planks":73,"minecraft:iron_door":9,"minecraft:wall_torch":49,"minecraft:seagrass":36,"minecraft:dark_oak_slab":1,"minecraft:birch_log":58,"minecraft:tnt":2,"minecraft:smooth_stone_slab":2,"minecraft:yellow_stained_glass_pane":1,"minecraft:oak_log":505,"minecraft:sand":274,"minecraft:dirt":3064,"minecraft:tripwire_hook":1,"minecraft:netherrack":175,"realmrpg_skeletons:unsaved_skeleton":2,"minecraft:oak_leaves":23,"minecraft:nether_gold_ore":1,"minecraft:tuff":39,"minecraft:deepslate_diamond_ore":35,"gravestone:gravestone":8,"minecraft:white_stained_glass":4,"minecraft:spruce_leaves":3,"minecraft:hay_block":17,"minecraft:furnace":23,"minecraft:carrots":7,"minecraft:raw_gold_block":108,"minecraft:chiseled_deepslate":1,"minecraft:gold_block":57,"minecraft:nether_brick_fence":3,"minecraft:bookshelf":371,"minecraft:deepslate_iron_ore":148,"minecraft:packed_ice":5,"realmrpg_skeletons:trident_skeleton":1,"minecraft:stone":4227,"the_pillager_legion_:legion_stone":9,"minecraft:stripped_dark_oak_log":1,"minecraft:oak_fence":4,"minecraft:crafting_table":5,"minecraft:oak_wood":1,"minecraft:lapis_ore":5,"minecraft:lily_pad":1,"minecraft:spruce_stairs":8,"minecraft:birch_planks":3,"minecraft:coal_ore":113,"minecraft:cracked_stone_bricks":4,"minecraft:mossy_stone_bricks":8},"minecraft:used":{"minecraft:chest":33,"valarian_conquest:valarian_sword":92,"the_pillager_legion_:legion_showel_tpl":2572,"minecraft:lava_bucket":9,"minecraft:birch_sapling":1,"minecraft:polished_andesite_stairs":2,"minecraft:dark_oak_slab":2,"minecraft:bow":258,"minecraft:furnace":51,"minecraft:oak_sapling":280,"luphieclutteredmod:small_shelf":2,"minecraft:egg":83,"minecraft:potato":1381,"minecraft:wooden_pickaxe":4,"minecraft:oak_leaves":1,"minecraft:sand":1,"minecraft:blast_furnace":24,"the_pillager_legion_:legion_pickaxe_tpl":660,"minecraft:diamond_sword":3,"minecraft:smithing_table":1,"minecraft:oak_boat":2,"minecraft:enchanting_table":1,"minecraft:iron_bars":1,"minecraft:netherrack":84,"minecraft:orange_bed":1,"minecraft:torch":294,"smallships:oak_drakkar":1,"minecraft:goat_horn":3,"minecraft:cobbled_deepslate":33,"minecraft:wheat_seeds":556,"minecraft:water_bucket":386,"minecraft:bundle":1,"minecraft:mossy_cobblestone":2,"minecraft:oak_slab":7,"minecraft:crafting_table":10,"the_pillager_legion_:legion_sword_tpl":783,"minecraft:campfire":1,"minecraft:white_bed":1,"minecraft:diamond_pickaxe":3011,"chococraft:gysahl_green_seeds":24,"minecraft:iron_pickaxe":709,"minecraft:spruce_sapling":1,"minecraft:cobblestone":780,"minecraft:cooked_porkchop":21,"minecraft:kelp":193,"minecraft:shield":85,"minecraft:iron_sword":882,"refurbished_furniture:white_sofa":4,"minecraft:carrot":357,"valarian_conquest:valarian_spear":127,"minecraft:milk_bucket":1,"minecraft:glass":51,"chipped:cobblestone_bricks":1,"minecraft:item_frame":2,"minecraft:golden_sword":20,"minecraft:written_book":1,"minecraft:stone_pickaxe":1708,"minecraft:oak_planks":431,"minecraft:golden_hoe":16,"the_pillager_legion_:legion_axe_tpl":493,"minecraft:black_bed":1,"minecraft:bread":295,"minecraft:iron_door":1,"wardrobe:large_backpack":5,"minecraft:andesite":8,"chococraft:gysahl_green":1,"minecraft:experience_bottle":1,"minecraft:cobweb":9,"minecraft:oak_fence":56,"minecraft:flint_and_steel":65,"minecraft:stone_shovel":2443,"tacz:gun_smith_table":5,"minecraft:spruce_planks":1038,"minecraft:stone_hoe":2295,"minecraft:cooked_chicken":19,"valarian_conquest:valarian_battle_axe":100,"minecraft:dirt":1650,"minecraft:spyglass":56,"minecraft:hopper":6,"minecraft:granite":15,"minecraft:wooden_axe":28,"minecraft:dark_oak_planks":33,"minecraft:oak_stairs":62,"minecraft:iron_boots":1,"minecraft:deepslate_tile_stairs":1,"minecraft:cooked_beef":61,"minecraft:light_gray_bed":10,"minecraft:cooked_mutton":5,"comforts:sleeping_bag_black":8,"minecraft:baked_potato":68,"minecraft:cobblestone_slab":6,"chipped:mason_table":1,"minecraft:painting":5,"minecraft:smoker":14,"luphieclutteredmod:luphie_darkwood_quilted_sofa":2,"minecraft:apple":29,"minecraft:stone_axe":184,"minecraft:fishing_rod":142,"minecraft:white_banner":3,"minecraft:bucket":397,"minecraft:smooth_stone":2},"minecraft:picked_up":{"minecraft:wooden_axe":1,"minecraft:iron_chestplate":15,"minecraft:chainmail_boots":17,"minecraft:diamond_sword":2,"minecraft:lead":1,"minecraft:oak_stairs":41,"minecraft:enchanted_book":6,"minecraft:golden_shovel":2,"minecraft:golden_sword":1,"minecraft:string":145,"minecraft:pufferfish":13,"comforts:sleeping_bag_black":9,"minecraft:cobbled_deepslate":130,"mcwbridges:oak_log_bridge_middle":5,"minecraft:spruce_planks":36,"minecraft:coal_block":11,"minecraft:golden_helmet":4,"minecraft:spruce_pressure_plate":1,"minecraft:golden_axe":1,"minecraft:deepslate_tile_stairs":1,"minecraft:golden_chestplate":2,"minecraft:orange_bed":2,"minecraft:light_gray_bed":11,"valarian_conquest:bandit_sword":1,"minecraft:tropical_fish":1,"minecraft:cyan_terracotta":7,"minecraft:iron_bars":8,"minecraft:birch_log":58,"minecraft:magma_block":10,"minecraft:cooked_beef":1,"the_pillager_legion_:legion_sword_tpl":3,"minecraft:iron_door":2,"minecraft:water_bucket":2,"minecraft:smoker":1,"minecraft:flint":41,"minecraft:lantern":16,"tacz:gun_smith_table":4,"minecraft:ink_sac":13,"minecraft:bundle":1,"immersive_melodies:piano":1,"minecraft:granite":312,"minecraft:bread":82,"minecraft:dark_oak_fence":3,"minecraft:diamond_pickaxe":1,"minecraft:crafting_table":6,"minecraft:coarse_dirt":9,"minecraft:leather_leggings":6,"minecraft:golden_pickaxe":1,"gravestone:obituary":6,"resource_ghouls:broken_miners_helmet_4_helmet":2,"tacz:ammo":857,"minecraft:cracked_stone_bricks":3,"minecraft:beef":32,"minecraft:chest":20,"minecraft:birch_sapling":26,"luphieclutteredmod:luphie_darkwood_quilted_sofa":2,"the_pillager_legion_:legion_showel_tpl":2,"minecraft:piston":1,"minecraft:egg":89,"chipped:mason_table":1,"wardrobe:large_backpack":7,"valarian_conquest:valarian_sword":1,"minecraft:stone":3,"minecraft:raw_gold_block":107,"minecraft:spruce_fence":1,"minecraft:carrot":477,"minecraft:redstone":32,"minecraft:tnt":2,"valarian_conquest:bandit_axe":1,"minecraft:diamond_chestplate":4,"minecraft:deepslate_bricks":11,"minecraft:diamond_boots":8,"minecraft:hay_block":15,"minecraft:gold_ingot":6,"minecraft:white_wool":7,"minecraft:red_mushroom":1,"immersive_melodies:bagpipe":1,"minecraft:oak_log":506,"minecraft:lily_pad":5,"minecraft:golden_boots":5,"minecraft:white_banner":3,"chococraft:chocobo_feather":8,"chococraft:gysahl_green":130,"minecraft:apple":24,"minecraft:stone_bricks":9,"minecraft:kelp":1715,"minecraft:stone_pickaxe":14,"minecraft:iron_sword":8,"minecraft:dark_oak_stairs":1,"minecraft:polished_andesite_stairs":14,"minecraft:dark_oak_slab":2,"minecraft:gravel":54,"minecraft:spruce_sapling":128,"minecraft:spruce_log":341,"minecraft:leather_helmet":7,"the_pillager_legion_:legion_axe_tpl":2,"minecraft:oak_wood":1,"minecraft:slime_ball":8,"minecraft:stone_axe":4,"tacz:modern_kinetic_gun":6,"minecraft:painting":6,"minecraft:oak_button":1,"minecraft:ender_pearl":2,"chococraft:loverly_gysahl_green":6,"minecraft:wheat":598,"minecraft:potion":8,"minecraft:stone_brick_stairs":1,"minecraft:raw_copper":124,"minecraft:smooth_stone_slab":4,"minecraft:iron_leggings":6,"minecraft:armor_stand":3,"the_pillager_legion_:legion_pickaxe_tpl":5,"minecraft:smooth_stone":2,"minecraft:cobblestone_slab":4,"mcwbridges:oak_log_bridge_stair":1,"minecraft:iron_pickaxe":7,"minecraft:furnace":30,"minecraft:iron_boots":3,"minecraft:tipped_arrow":10,"minecraft:stick":339,"minecraft:oak_fence":4,"minecraft:torch":179,"minecraft:spruce_stairs":7,"minecraft:porkchop":10,"tacz:attachment":1,"minecraft:pointed_dripstone":1,"minecraft:diorite":62,"minecraft:quartz_block":5,"minecraft:rotten_flesh":236,"chococraft:chocobo_drumstick_raw":1,"minecraft:obsidian":4,"minecraft:cod":78,"minecraft:cobblestone":3065,"minecraft:nautilus_shell":1,"minecraft:leather_chestplate":4,"minecraft:lilac":1,"minecraft:andesite":44,"minecraft:orange_carpet":6,"minecraft:golden_leggings":2,"minecraft:potato":2052,"minecraft:tuff":50,"skilltree:gem":50,"minecraft:lapis_lazuli":46,"minecraft:dirt":3476,"minecraft:leather_boots":4,"minecraft:bone":546,"minecraft:bow":17,"minecraft:wheat_seeds":1081,"minecraft:raw_gold":37,"valarian_conquest:knights_sword":1,"minecraft:mossy_stone_bricks":4,"minecraft:oak_planks":329,"wardrobe:hardened_leather":21,"minecraft:cooked_porkchop":4,"minecraft:poisonous_potato":12,"minecraft:sand":268,"the_pillager_legion_:classic_legion_shield":1,"minecraft:mossy_cobblestone":13,"minecraft:orange_wool":1,"minecraft:diamond":39,"minecraft:bone_meal":2,"minecraft:spruce_sign":2,"minecraft:emerald":21,"minecraft:oak_sapling":299,"minecraft:netherrack":199,"minecraft:oak_leaves":1,"minecraft:fishing_rod":2,"minecraft:charcoal":2,"minecraft:azure_bluet":1,"minecraft:ladder":3,"valarian_conquest:valarian_battle_axe":5,"minecraft:brown_mushroom":2,"refurbished_furniture:white_sofa":4,"minecraft:gold_block":57,"resource_ghouls:broken_miners_helmet_2_helmet":2,"minecraft:shield":3,"minecraft:iron_axe":1,"minecraft:item_frame":4,"minecraft:phantom_membrane":1,"minecraft:raw_iron":212,"luphieclutteredmod:small_shelf":1,"minecraft:stone_pressure_plate":1,"minecraft:dark_oak_planks":5,"minecraft:arrow":430,"minecraft:jungle_stairs":1,"the_pillager_legion_:legion_armor_boots":1,"valarian_conquest:valarian_spear":1,"minecraft:saddle":7,"chipped:cobblestone_bricks":1,"the_pillager_legion_:legion_cut_deep_2":1,"minecraft:salmon":29,"minecraft:leather":22,"minecraft:chainmail_chestplate":9,"minecraft:gunpowder":14,"minecraft:cobblestone_stairs":2,"chococraft:gold_gysahl":4,"minecraft:iron_ingot":3,"the_pillager_legion_:legion_deep":9,"minecraft:book":1102,"minecraft:oak_slab":7,"minecraft:pumpkin":2,"minecraft:stone_brick_slab":1,"minecraft:quartz":3,"minecraft:dandelion":7,"minecraft:raw_iron_block":1,"minecraft:dripstone_block":5,"minecraft:amethyst_shard":6,"smallships:oak_drakkar":1,"chococraft:gysahl_green_seeds":32,"minecraft:blast_furnace":7,"minecraft:white_bed":2,"minecraft:spider_eye":9,"minecraft:dried_kelp_block":22,"minecraft:chainmail_leggings":4,"minecraft:iron_helmet":7,"immersive_melodies:didgeridoo":1,"minecraft:mossy_cobblestone_stairs":2,"minecraft:black_wool":5,"minecraft:coal":373},"minecraft:broken":{"minecraft:diamond_helmet":1,"minecraft:iron_boots":1,"minecraft:iron_chestplate":1,"minecraft:iron_leggings":1,"minecraft:golden_sword":1,"minecraft:iron_sword":3,"valarian_conquest:valarian_battle_axe":2,"minecraft:fishing_rod":1,"valarian_conquest:valarian_spear":1,"the_pillager_legion_:legion_sword_tpl":2,"minecraft:stone_hoe":17,"minecraft:iron_pickaxe":3,"minecraft:iron_helmet":3,"minecraft:golden_helmet":2,"minecraft:stone_pickaxe":13,"minecraft:diamond_boots":1,"valarian_conquest:valarian_sword":1,"minecraft:stone_shovel":18,"minecraft:golden_chestplate":1,"minecraft:golden_hoe":1,"minecraft:flint_and_steel":1},"minecraft:crafted":{"minecraft:black_dye":5,"minecraft:smooth_stone":150,"minecraft:glass":109,"wardrobe:large_backpack":3,"luphieclutteredmod:small_shelf":1,"minecraft:wooden_shovel":1,"skilltree:gem":6,"minecraft:copper_ingot":153,"minecraft:campfire":1,"comforts:sleeping_bag_black":2,"minecraft:iron_pickaxe":1,"minecraft:iron_block":1,"minecraft:stone_shovel":26,"comforts:sleeping_bag_white":2,"minecraft:stone_pickaxe":16,"skilltree:golden_ring":5,"minecraft:dark_oak_planks":32,"minecraft:lead":8,"minecraft:wheat":135,"minecraft:enchanting_table":1,"tacz:gun_smith_table":1,"minecraft:wooden_axe":1,"minecraft:oak_stairs":48,"chococraft:chocobo_saddle":1,"skilltree:simple_necklace":4,"minecraft:oak_planks":1432,"minecraft:cobblestone_slab":12,"minecraft:stone":192,"minecraft:hopper":6,"minecraft:chest":27,"minecraft:stone_hoe":21,"minecraft:oak_fence":54,"minecraft:smoker":14,"wardrobe:bound_leather":21,"minecraft:crafting_table":6,"minecraft:spruce_planks":1412,"minecraft:wooden_pickaxe":1,"minecraft:baked_potato":91,"minecraft:diamond_pickaxe":3,"minecraft:stick":92,"minecraft:iron_ingot":449,"minecraft:black_bed":1,"minecraft:shears":1,"minecraft:coal":90,"minecraft:fishing_rod":3,"immersive_melodies:trumpet":1,"minecraft:furnace":59,"minecraft:blast_furnace":16,"skilltree:fisherman_necklace":1,"minecraft:flint_and_steel":1,"minecraft:cooked_beef":26,"minecraft:bucket":3,"minecraft:stone_axe":1,"minecraft:bread":154,"minecraft:air":0,"minecraft:oak_boat":2,"minecraft:gold_nugget":27,"minecraft:torch":140},"minecraft:killed":{"minecraft:cave_spider":37,"resource_ghouls:prospector_3":1,"minecraft:cod":2,"minecraft:dolphin":1,"creeperoverhaul:dripstone_creeper":1,"minecraft:skeleton":575,"resource_ghouls:prospector_2":1,"minecraft:chicken":2,"valarian_conquest:valarian_archer":5,"minecraft:parrot":4,"valarian_conquest:valarian_cannon":3,"minecraft:salmon":8,"valarian_conquest:valarian_raider":3,"minecraft:pillager":28,"minecraft:zombie":264,"resource_ghouls:prospector_4":66,"resource_ghouls:redstone_stonebore":1,"resource_ghouls:quartz_stonebore":4,"resource_ghouls:prospector":5,"minecraft:cow":16,"chococraft:chocobo":2,"minecraft:endermite":7,"minecraft:vindicator":3,"valarian_conquest:kings_guard":6,"resource_ghouls:emerald_stonebore":2,"resource_ghouls:copper_stonebore":3,"aquatic_frontiers:spongesquid":2,"minecraft:wandering_trader":1,"endermanoverhaul:cave_enderman":1,"valarian_conquest:bandit_1":1,"the_pillager_legion_:infantryman_tpl":21,"resource_ghouls:lapis_stonebore":5,"minecraft:enderman":1,"resource_ghouls:diamond_stonebore":4,"resource_ghouls:iron_stonebore":4,"minecraft:witch":1,"minecraft:spider":64,"minecraft:silverfish":13,"valarian_conquest:valarian_spearman":4,"minecraft:zombie_villager":4,"minecraft:creeper":22,"minecraft:sheep":1,"minecraft:trader_llama":1,"minecraft:stray":16,"minecraft:ghast":1,"cave_dweller:cave_dweller":1,"resource_ghouls:gold_stonebore":4,"luminous_monsters:miner_zombie":3,"valarian_conquest:valarian_knight":2,"valarian_conquest:valarian_guard":2,"minecraft:phantom":3,"valarian_conquest:valarian_ranger":2,"resource_ghouls:coal_stonebore":3,"valarian_conquest:bandit_2":4,"minecraft:drowned":11,"valarian_conquest:valarian_officer":4,"minecraft:bat":2,"minecraft:hoglin":6,"minecraft:squid":7,"the_pillager_legion_:veteran_infantryman_tpl":30,"minecraft:wither_skeleton":107},"minecraft:dropped":{"minecraft:iron_sword":5,"mcwbridges:oak_log_bridge_stair":1,"minecraft:piston":1,"minecraft:cooked_beef":1,"minecraft:cracked_stone_bricks":2,"minecraft:saddle":3,"minecraft:leather_helmet":6,"minecraft:red_mushroom":1,"minecraft:emerald":1,"valarian_conquest:knights_sword":1,"minecraft:dirt":664,"the_pillager_legion_:legion_showel_tpl":2,"the_pillager_legion_:legion_armor_chestplate":1,"minecraft:bone_meal":1,"minecraft:sand":2,"minecraft:phantom_membrane":1,"minecraft:iron_pickaxe":4,"minecraft:dark_oak_planks":2,"minecraft:fishing_rod":1,"minecraft:bone":253,"minecraft:stone_axe":4,"minecraft:golden_chestplate":1,"minecraft:cobbled_deepslate":9,"minecraft:rotten_flesh":120,"minecraft:oak_planks":643,"minecraft:golden_shovel":1,"minecraft:white_bed":1,"the_pillager_legion_:legion_pickaxe_tpl":3,"minecraft:leather_boots":4,"the_pillager_legion_:legion_deep":9,"minecraft:leather_leggings":7,"skilltree:simple_necklace":1,"comforts:sleeping_bag_black":2,"minecraft:enchanted_book":2,"minecraft:golden_boots":5,"minecraft:iron_ingot":2,"minecraft:wheat_seeds":58,"minecraft:dripstone_block":2,"minecraft:oak_fence":1,"minecraft:iron_helmet":2,"minecraft:cobblestone":517,"minecraft:book":12,"minecraft:apple":53,"minecraft:granite":6,"valarian_conquest:bandit_sword":2,"mcwbridges:oak_log_bridge_middle":5,"minecraft:ink_sac":8,"minecraft:wooden_axe":2,"skilltree:gem":18,"minecraft:potion":3,"minecraft:pumpkin":2,"minecraft:chainmail_leggings":3,"minecraft:string":10,"minecraft:furnace":1,"valarian_conquest:valarian_sword":1,"minecraft:smooth_stone_slab":4,"minecraft:stone_shovel":1,"minecraft:iron_boots":4,"minecraft:orange_wool":1,"minecraft:diamond_sword":1,"minecraft:potato":4,"minecraft:cobblestone_slab":1,"minecraft:stone":2,"minecraft:bundle":1,"minecraft:spruce_planks":1,"minecraft:diamond_pickaxe":1,"valarian_conquest:valarian_battle_axe":2,"minecraft:wooden_shovel":1,"the_pillager_legion_:legion_axe_tpl":1,"minecraft:stone_pressure_plate":1,"minecraft:stone_bricks":5,"tacz:ammo":215,"minecraft:bow":7,"skilltree:golden_ring":1,"resource_ghouls:broken_miners_helmet_4_helmet":2,"wardrobe:large_backpack":2,"minecraft:spruce_sign":2,"minecraft:brown_mushroom":1,"minecraft:baked_potato":4,"minecraft:golden_pickaxe":1,"minecraft:lantern":1,"valarian_conquest:bandit_axe":1,"minecraft:cobblestone_stairs":2,"minecraft:cyan_terracotta":7,"the_pillager_legion_:legion_sword_tpl":1,"gravestone:obituary":5,"minecraft:gold_ingot":7,"minecraft:gravel":4,"minecraft:carrot":1,"minecraft:chainmail_chestplate":4,"minecraft:leather_chestplate":4,"minecraft:chainmail_boots":15,"minecraft:iron_bars":7,"minecraft:arrow":45,"minecraft:quartz":1,"minecraft:written_book":1,"minecraft:netherrack":22,"minecraft:bread":40,"the_pillager_legion_:legion_armor_boots":2,"minecraft:golden_helmet":2,"minecraft:mossy_cobblestone":9,"minecraft:poisonous_potato":1,"minecraft:lead":12,"resource_ghouls:broken_miners_helmet_2_helmet":1,"minecraft:spruce_stairs":5,"minecraft:stick":17,"minecraft:diorite":1,"minecraft:torch":46,"minecraft:iron_leggings":5,"tacz:modern_kinetic_gun":3,"minecraft:polished_andesite_stairs":12,"minecraft:iron_axe":1,"minecraft:dandelion":7,"minecraft:kelp":64,"minecraft:coarse_dirt":8,"chococraft:chocobo_feather":1,"immersive_melodies:bagpipe":1,"minecraft:tuff":8,"minecraft:deepslate_bricks":1,"minecraft:shield":3,"minecraft:diamond_chestplate":2,"minecraft:iron_chestplate":6,"minecraft:andesite":6,"minecraft:mossy_stone_bricks":3,"minecraft:light_gray_bed":1,"minecraft:oak_sapling":16,"minecraft:diamond_boots":3,"minecraft:slime_ball":4,"minecraft:stone_pickaxe":13,"minecraft:wooden_pickaxe":1,"chococraft:gysahl_green":6}},"DataVersion":3465}